Goalie,First,Last,Team,Pos,JNo,Wgt,Agl,Spd,OfA,DfA,PkC,Lv0,GlH,Lv0,Lv0,StR,StL,GvR,GvL
Player,First,Last,Team,Pos,JNo,Wgt,Agl,Spd,OfA,DfA,ShP,ChK,H/F,StH,ShA,End,Rgh,Pas,Agr
0,Jordan,Binnington,CAN,G,50,4,5,4,4,4,5,0,0,0,0,4,5,5,6
1,Darcy,Kuemper,CAN,G,35,8,4,4,5,5,5,0,0,0,0,5,5,4,5
2,Carey,Price,CAN,G,31,8,4,3,5,5,5,0,0,0,0,5,5,4,4
3,Connor,McDavid,CAN,F,97,6,6,6,6,3,4,1,0,5,6,6,3,6,2
4,Sidney,Crosby,CAN,F,87,7,6,5,6,4,4,1,2,5,6,6,4,6,1
5,Nathan,MacKinnon,CAN,F,29,7,6,6,6,3,5,1,1,5,5,6,5,6,0
6,Brad,Marchand,CAN,F,63,5,6,5,6,5,4,1,2,4,5,6,3,6,4
7,John,Tavares,CAN,F,90,9,4,5,6,4,4,1,0,5,5,6,4,5,0
8,Steven,Stamkos,CAN,F,91,6,5,5,5,3,5,2,1,5,5,6,4,5,3
9,Jonathan,Huberdeau,CAN,F,11,7,6,5,5,3,3,1,0,5,5,5,3,6,1
10,Patrice,Bergeron,CAN,F,37,6,5,4,5,6,3,1,5,5,5,5,4,4,1
11,Tyler,Seguin,CAN,F,09,7,5,5,5,3,5,2,1,5,3,6,4,5,0
12,Mark,Scheifele,CAN,F,55,8,4,5,5,3,4,1,1,5,5,6,2,5,2
13,Ryan,O'Reilly,CAN,F,10,9,5,4,5,5,2,0,0,5,5,6,2,5,0
14,Taylor,Hall,CAN,F,04,8,6,5,5,3,4,1,2,4,4,5,3,5,1
15,Jonathan,Toews,CAN,F,19,7,5,4,4,5,4,1,2,4,5,6,3,5,2
16,Mark,Stone,CAN,F,61,10,4,4,4,5,4,2,1,4,5,5,2,5,0
17,Evander,Kane,CAN,F,93,9,4,5,5,2,5,5,10,4,2,6,5,2,6
18,Mark,Giordano,CAN,D,05,7,6,4,4,6,5,3,6,4,3,6,3,5,1
19,Brent,Burns,CAN,D,88,11,4,5,5,5,5,2,3,4,3,6,4,6,1
20,Alex,Pietrangelo,CAN,D,27,8,5,4,4,6,4,2,1,4,4,6,4,4,0
21,Drew,Doughty,CAN,D,08,7,5,4,4,5,4,4,7,4,3,6,3,4,2
22,Kris,Letang,CAN,D,58,7,5,4,5,4,4,3,1,4,3,6,3,5,2
23,Morgan,Rielly,CAN,D,44,10,5,4,4,4,5,2,0,4,3,6,4,6,0
24,P.K.,Subban,CAN,D,76,8,4,5,4,4,5,3,3,4,2,6,3,4,2
25,Shea,Weber,CAN,D,06,11,4,3,4,5,6,5,9,3,2,6,3,4,3
26,Grant,Fuhr,MRT,G,31,7,5,4,6,6,5,0,1,0,0,5,5,6,5
27,Ron,Hextall,MRT,G,27,5,5,4,5,5,5,0,0,0,0,5,5,4,4
28,Kelly,Hrudey,MRT,G,30,6,4,4,4,4,4,0,0,0,0,3,4,4,4
29,Wayne,Gretzky,MRT,F,99,4,6,5,6,4,4,1,2,6,6,6,3,6,0
30,Mario,Lemieux,MRT,F,66,10,6,4,6,4,4,2,3,6,6,6,3,6,1
31,Mark,Messier,MRT,F,11,9,5,4,6,4,3,5,4,5,5,6,2,5,3
32,Dale,Hawerchuk,MRT,F,10,6,6,4,6,4,4,2,0,5,5,5,3,6,2
33,Doug,Gilmour,MRT,F,28,4,5,4,5,5,4,3,4,5,4,6,3,5,2
34,Michel,Goulet,MRT,F,16,6,5,4,5,3,4,2,6,5,5,5,4,5,2
35,Mike,Gartner,MRT,F,12,6,5,5,4,3,5,2,3,5,4,5,5,3,2
36,Brian,Propp,MRT,F,26,8,4,3,5,3,4,3,6,5,5,5,3,5,3
37,Kevin,Dineen,MRT,F,14,7,4,5,4,4,4,5,7,3,4,5,5,3,6
38,Rick,Tocchet,MRT,F,22,9,3,3,5,4,4,5,7,3,5,5,4,4,6
39,Brent,Sutter,MRT,F,21,6,4,3,4,5,3,4,3,4,4,4,3,4,3
40,Claude,Lemieux,MRT,F,32,11,4,4,4,3,4,4,7,3,4,4,3,4,4
41,Glenn,Anderson,MRT,F,09,7,4,4,4,3,4,2,6,4,4,4,3,4,3
42,Ray,Bourque,MRT,D,07,10,5,4,4,6,5,6,0,5,5,6,2,6,1
43,Paul,Coffey,MRT,D,77,8,6,5,4,3,4,2,4,6,4,6,1,5,3
44,Larry,Murphy,MRT,D,08,8,4,4,4,5,4,4,3,5,2,6,2,5,3
45,James,Patrick,MRT,D,06,7,4,4,4,4,4,4,3,4,2,5,2,5,3
46,Craig,Hartsburg,MRT,D,04,7,3,3,3,4,3,5,6,4,2,5,2,4,4
47,Doug,Crossman,MRT,D,02,6,4,3,3,4,3,4,6,3,3,5,1,4,2
48,Normand,Rochefort,MRT,D,05,10,2,3,1,4,3,6,0,2,1,5,1,2,3
49,Bill,Ranford,ADM,G,30,5,5,4,5,5,5,0,0,0,0,5,5,5,4
50,Ed,Belfour,ADM,G,29,6,6,4,6,6,5,0,0,0,0,6,6,5,5
51,Sean,Burke,ADM,G,01,9,4,3,4,4,4,0,0,0,0,4,4,4,4
52,Wayne,Gretzky,ADM,F,99,4,6,5,6,4,4,1,2,6,6,6,3,6,0
53,Mark,Messier,ADM,F,11,9,5,4,6,4,3,5,4,5,5,6,2,5,3
54,Steve,Larmer,ADM,F,28,7,5,4,4,6,4,4,4,4,4,6,3,5,2
55,Dale,Hawerchuk,ADM,F,10,6,6,4,5,4,4,2,0,5,4,5,3,6,2
56,Theoren,Fleury,ADM,F,14,3,5,5,4,3,4,4,7,5,5,5,1,4,3
57,Eric,Lindros,ADM,F,88,12,4,3,5,3,4,5,9,4,6,6,3,5,4
58,Luc,Robitaille,ADM,F,20,7,4,3,5,3,4,2,4,5,6,6,2,5,3
59,Rick,Tocchet,ADM,F,22,9,3,3,5,4,4,5,7,4,5,5,4,4,6
60,Russ,Courtnall,ADM,F,06,6,5,6,4,3,4,2,1,4,3,5,4,5,2
61,Brendan,Shanahan,ADM,F,18,10,3,3,4,4,4,5,7,4,5,5,3,4,5
62,Brent,Sutter,ADM,F,21,6,4,3,4,5,3,4,3,4,4,4,3,3,3
63,Shayne,Corson,ADM,F,27,8,4,3,3,4,3,6,6,4,3,4,2,3,5
64,Dirk,Graham,ADM,F,33,8,4,3,3,5,3,4,7,3,4,4,5,3,4
65,Paul,Coffey,ADM,D,77,8,6,5,4,3,4,2,4,6,4,6,1,5,3
66,Al,MacInnis,ADM,D,02,8,4,4,4,5,6,3,5,5,2,6,3,5,3
67,Larry,Murphy,ADM,D,55,8,4,4,4,5,4,4,3,5,2,6,2,5,3
68,Scott,Stevens,ADM,D,03,9,4,4,4,5,4,6,6,3,2,6,1,5,4
69,Steve,Smith,ADM,D,05,9,4,4,4,4,5,5,6,4,2,6,2,4,4
70,Eric,Desjardins,ADM,D,37,8,4,3,3,4,3,4,3,4,2,6,2,3,3
71,Mark,Tinordi,ADM,D,24,9,3,3,3,4,4,5,4,3,3,6,2,3,5
72,Patrick,Roy,AQA,G,33,6,6,4,4,4,6,0,0,0,0,5,5,6,6
73,Ed,Belfour,AQA,G,30,6,6,4,6,6,5,0,0,0,0,6,6,5,5
74,Mario,Lemieux,AQA,F,66,10,5,4,6,4,4,3,3,6,6,6,0,6,2
75,Steve,Yzerman,AQA,F,19,6,6,5,6,4,4,1,1,5,5,6,1,5,2
76,Adam,Oates,AQA,F,12,7,5,4,6,5,3,3,1,5,4,5,0,6,1
77,Doug,Gilmour,AQA,F,93,4,5,4,5,5,4,4,4,4,4,6,0,4,3
78,Wayne,Gretzky,AQA,F,99,4,6,4,5,4,2,2,2,6,2,6,0,6,0
79,Cam,Neely,AQA,F,08,10,4,4,5,4,4,4,9,4,5,5,3,4,4
80,Theoren,Fleury,AQA,F,14,3,5,5,4,5,4,4,7,4,3,6,1,3,3
81,Steve,Larmer,AQA,F,28,7,4,4,4,6,4,4,4,4,4,6,3,4,2
82,Mike,Gartner,AQA,F,22,7,5,5,4,4,5,2,3,5,3,5,5,5,2
83,Mark,Messier,AQA,F,11,10,5,4,4,4,3,5,4,5,3,4,0,5,3
84,Luc,Robitaille,AQA,F,20,7,4,4,5,3,4,2,4,5,6,5,2,4,3
85,Gary,Roberts,AQA,F,10,7,4,4,5,4,4,4,8,4,5,5,1,3,4
86,Eric,Lindros,AQA,F,88,12,4,3,4,4,4,5,9,4,6,5,2,4,4
87,Joe,Sakic,AQA,F,91,6,4,4,5,4,4,2,0,4,5,5,2,5,2
88,Mark,Recchi,AQA,F,18,6,5,4,5,3,4,3,4,4,5,4,1,4,3
89,Ray,Bourque,AQA,D,77,10,5,4,4,6,5,6,0,5,5,6,2,5,2
90,Paul,Coffey,AQA,D,07,9,6,5,4,3,4,2,4,6,1,5,1,5,3
91,Zarley,Zalapski,AQA,D,03,10,5,4,4,5,4,4,4,4,2,5,1,3,3
92,Al,Iafrate,AQA,D,34,11,4,4,4,4,6,4,6,4,2,4,4,4,4
93,Scott,Stevens,AQA,D,04,11,4,4,3,4,4,5,6,4,2,5,0,4,3
94,Larry,Murphy,AQA,D,55,10,4,3,4,5,4,3,3,4,2,5,1,4,3
95,Dave,Manson,AQA,D,24,9,4,4,3,5,5,4,10,4,1,5,4,3,4
96,Al,MacInnis,AQA,D,02,8,4,4,4,3,6,3,5,4,1,5,2,4,3
97,Rob,Blake,AQA,D,44,11,4,4,4,4,4,3,3,4,1,4,3,4,4
98,Curtis,Joseph,RVN,G,31,6,4,4,6,6,4,0,0,0,0,4,4,5,5
99,Martin,Brodeur,RVN,G,01,9,5,4,5,5,5,0,0,0,0,4,5,4,5
100,Bill,Ranford,RVN,G,30,5,4,3,4,4,4,0,0,0,0,4,4,5,4
101,Joe,Sakic,RVN,F,20,6,5,5,6,4,5,2,0,5,5,6,3,5,2
102,Eric,Lindros,RVN,F,88,12,4,3,5,4,4,5,9,5,6,6,3,5,4
103,Wayne,Gretzky,RVN,F,99,4,6,4,6,3,3,1,2,6,4,6,2,6,0
104,Steve,Yzerman,RVN,F,19,5,5,5,6,4,4,0,1,5,5,6,1,5,2
105,Mark,Messier,RVN,F,11,9,4,4,5,4,3,5,4,4,5,5,3,5,3
106,Theoren,Fleury,RVN,F,14,4,5,4,4,5,4,4,7,4,5,5,1,5,3
107,Vincent,Damphousse,RVN,F,25,6,5,4,5,3,3,2,0,5,5,5,2,5,4
108,Rod,Brind'Amour,RVN,F,17,8,4,3,4,5,4,4,4,5,4,5,3,5,3
109,Brendan,Shanahan,RVN,F,94,10,3,3,5,4,4,4,7,4,5,4,4,4,4
110,Trevor,Linden,RVN,F,18,9,4,4,4,4,4,4,5,4,4,4,3,4,2
111,Claude,Lemieux,RVN,F,22,11,4,4,4,4,4,4,7,3,4,4,3,4,4
112,Adam,Graves,RVN,F,09,6,4,4,4,3,4,4,6,3,4,4,5,4,4
113,Pat,Verbeek,RVN,F,16,7,3,3,4,3,4,4,7,4,5,4,2,3,4
114,Keith,Primeau,RVN,F,55,10,3,3,4,4,4,5,6,3,4,4,3,4,5
115,Paul,Coffey,RVN,D,77,8,6,5,4,3,4,2,4,6,3,6,1,5,2
116,Rob,Blake,RVN,D,44,10,4,4,4,5,5,5,3,4,3,6,3,4,3
117,Scott,Niedermayer,RVN,D,27,6,5,5,4,5,3,3,4,4,3,6,1,4,2
118,Scott,Stevens,RVN,D,04,9,4,4,3,6,4,6,6,4,2,6,0,4,4
119,Eric,Desjardins,RVN,D,37,8,4,3,3,5,3,4,3,4,2,6,2,4,3
120,Ed,Jovanovski,RVN,D,05,9,4,3,3,4,4,5,6,3,2,6,2,3,5
121,Adam,Foote,RVN,D,52,10,3,3,2,5,3,6,3,3,2,6,2,3,5
122,Sylvain,Cote,RVN,D,03,7,4,3,3,4,4,4,1,3,2,5,4,4,2
123,Lyle,Odelein,RVN,D,24,9,3,2,2,4,2,6,6,2,1,5,3,2,6
124,Martin,Brodeur,JER,G,30,9,5,4,6,6,6,0,0,0,0,5,6,5,6
125,Curtis,Joseph,JER,G,31,6,4,4,6,6,5,0,0,0,0,4,4,5,5
126,Ed,Belfour,JER,G,29,6,5,4,5,5,5,0,0,0,0,6,6,5,5
127,Mario,Lemieux,JER,F,66,10,6,4,6,4,4,2,3,6,6,6,2,6,2
128,Joe,Sakic,JER,F,91,6,5,5,6,4,4,2,0,5,5,6,3,5,2
129,Steve,Yzerman,JER,F,19,5,6,5,5,3,4,1,1,5,4,6,1,4,2
130,Jarome,Iginla,JER,F,12,8,4,4,5,4,4,5,9,4,5,5,4,5,3
131,Eric,Lindros,JER,F,88,12,4,3,5,4,4,5,9,4,5,6,3,5,4
132,Paul,Kariya,JER,F,09,5,5,6,5,3,4,0,0,5,5,6,5,4,0
133,Brendan,Shanahan,JER,F,18,10,3,3,4,4,4,4,7,4,5,5,4,5,4
134,Owen,Nolan,JER,F,11,9,3,4,4,3,4,5,5,4,4,5,3,5,4
135,Joe,Nieuwendyk,JER,F,25,8,3,4,5,3,4,3,4,4,5,4,3,4,2
136,Theoren,Fleury,JER,F,14,3,4,3,4,4,4,4,7,4,4,5,1,5,3
137,Michael,Peca,JER,F,37,5,3,4,4,5,3,5,3,3,4,4,4,4,3
138,Simon,Gagne,JER,F,13,6,5,4,4,3,4,2,0,4,4,4,3,4,3
139,Ryan,Smyth,JER,F,94,6,3,4,4,3,4,4,4,3,4,5,3,4,3
140,Rob,Blake,JER,D,04,11,4,4,4,5,4,5,3,4,3,6,3,5,3
141,Chris,Pronger,JER,D,44,10,4,3,4,5,5,6,8,4,3,6,2,5,4
142,Scott,Niedermayer,JER,D,27,6,5,5,4,5,3,3,4,4,3,6,1,4,2
143,Al,MacInnis,JER,D,02,8,4,4,4,5,6,3,5,4,2,6,2,5,3
144,Ed,Jovanovski,JER,D,55,10,3,3,4,4,4,5,6,4,3,6,2,4,3
145,Adam,Foote,JER,D,52,10,3,3,2,5,3,6,3,3,2,6,2,3,5
146,Eric,Brewer,JER,D,03,9,3,3,3,4,4,5,6,3,2,5,2,3,3
147,Zehao,Sun,CHN,G,25,2,2,3,2,2,1,0,0,0,0,1,2,1,0
148,Pengfei,Han,CHN,G,01,3,1,3,1,1,1,0,0,0,0,0,1,0,2
149,Rudi,Ying,CHN,F,21,7,3,4,3,1,4,1,1,2,2,5,4,2,2
150,Cheng,Zhang,CHN,F,10,4,2,3,3,1,4,2,1,2,1,5,4,3,4
151,Zesen,Zhang,CHN,F,08,0,4,2,3,0,3,1,1,2,3,5,4,3,1
152,Lei,Chen,CHN,F,18,4,2,2,2,1,3,2,0,3,1,4,3,2,4
153,Hang,Li,CHN,F,14,0,3,3,2,0,2,1,0,2,3,4,3,1,0
154,Tianxiang,Xia,CHN,F,24,3,2,2,2,2,2,0,0,2,3,4,3,2,2
155,Ling,Chen,CHN,F,16,4,2,2,3,0,2,1,0,2,1,4,4,2,2
156,Qianyi,Huang,CHN,F,19,0,2,3,2,0,1,0,0,2,3,4,4,1,3
157,Hao,Zhang,CHN,F,15,4,1,2,2,2,2,1,0,1,1,3,3,2,1
158,Yongshen,Liu,CHN,F,12,4,1,3,1,2,1,0,1,2,0,4,3,1,1
159,Xudong,Xiang,CHN,F,17,1,2,2,1,0,2,0,0,2,1,3,2,2,1
160,Wenqinghuai,Zhang,CHN,F,13,0,2,2,0,3,1,2,1,1,0,3,2,0,0
161,Bo,Liu,CHN,F,04,3,2,2,0,1,1,3,1,1,0,4,3,1,4
162,Jiachang,Bao,CHN,F,29,9,0,1,0,2,2,4,4,1,0,3,4,0,3
163,Peng,Ji,CHN,F,28,3,1,1,1,0,1,0,1,2,1,4,3,1,1
164,Tianyu,Hu,CHN,D,07,4,2,3,0,3,3,1,1,2,0,4,2,2,1
165,Mingxi,Yang,CHN,D,03,3,2,1,1,1,3,4,0,1,0,4,3,3,5
166,Gang,Wang,CHN,D,02,5,0,2,1,3,2,1,1,1,0,4,1,2,2
167,Zimeng,Chen,CHN,D,06,5,3,2,0,2,2,1,0,0,0,4,1,2,2
168,Wenbin,Liang,CHN,D,23,3,1,1,0,2,2,4,0,1,0,4,0,1,4
169,Pengfei,Zhang,CHN,D,11,0,2,2,0,2,1,2,5,1,0,4,3,1,1
170,Hanwen,Si,CHN,D,05,5,0,2,0,1,3,3,0,1,0,4,1,1,4
171,Qing,Liu,CHN,D,26,2,0,1,0,1,1,3,1,1,0,4,0,0,1
172,Simon,Chen,CHN,D,88,4,2,0,0,2,2,0,0,1,0,4,2,1,2
173,Pavel,Francouz,CZE,G,39,4,4,4,4,4,4,0,1,0,0,5,4,5,4
174,David,Rittich,CZE,G,33,6,4,4,4,4,4,0,0,0,0,4,4,4,5
175,Petr,Mrazek,CZE,G,34,5,4,4,4,4,3,0,0,0,0,4,4,4,4
176,David,Pastrnak,CZE,F,88,7,5,5,6,3,5,2,1,5,5,6,5,5,0
177,Tomas,Hertl,CZE,F,48,9,5,5,4,2,4,1,0,5,5,5,4,4,0
178,Jakub,Voracek,CZE,F,93,9,5,4,5,3,2,1,0,4,5,5,2,5,1
179,David,Krejci,CZE,F,46,6,4,4,5,3,3,1,1,4,5,5,1,5,1
180,Jakub,Vrana,CZE,F,13,6,5,4,4,3,4,1,0,4,5,5,4,4,2
181,Dominik,Kubalik,CZE,F,81,5,4,4,4,3,4,3,0,4,5,4,5,2,1
182,Ondrej,Palat,CZE,F,18,6,4,3,4,3,3,5,0,3,4,5,2,4,1
183,Roman,Cervenka,CZE,F,10,6,4,4,4,3,3,2,0,4,4,4,3,4,1
184,Martin,Necas,CZE,F,89,3,5,4,3,3,3,2,1,4,4,4,3,4,2
185,Filip,Zadina,CZE,F,11,7,4,4,4,3,3,0,0,4,4,5,3,4,0
186,Radek,Faksa,CZE,F,12,10,3,4,3,4,4,3,0,3,4,4,3,2,3
187,Pavel,Zacha,CZE,F,37,9,4,4,3,2,4,3,0,4,2,5,2,4,1
188,Dmitrij,Jaskin,CZE,F,23,9,2,3,4,3,3,5,0,3,4,4,3,3,4
189,Ondrej,Kase,CZE,F,25,5,4,4,4,2,3,0,1,4,4,5,3,3,2
190,Michael,Frolik,CZE,F,67,7,4,4,3,4,4,1,0,3,3,4,3,4,0
191,Filip,Hronek,CZE,D,07,5,4,4,3,3,4,3,1,3,3,6,3,4,3
192,Radko,Gudas,CZE,D,03,9,4,3,2,4,3,6,7,3,1,5,2,2,5
193,Michal,Kempny,CZE,D,06,6,4,3,3,4,3,3,0,3,2,5,2,3,2
194,Radim,Simek,CZE,D,51,7,3,3,2,3,3,4,0,3,1,5,1,2,2
195,Libor,Hajek,CZE,D,05,8,4,3,2,3,3,2,0,3,1,5,1,3,3
196,Roman,Polak,CZE,D,64,11,2,2,2,4,3,5,5,2,2,5,0,2,2
197,Jan,Rutta,CZE,D,44,7,3,3,2,3,3,2,1,3,1,5,1,3,2
198,Libor,Sulak,CZE,D,08,8,2,2,2,2,3,6,0,2,1,5,1,2,3
199,Dominik,Hasek,C94,G,39,4,3,3,5,5,2,0,0,0,0,2,2,2,2
200,Petr,Briza,C94,G,01,5,3,3,3,3,3,0,0,0,0,2,2,3,4
201,Jaromir,Jagr,C94,F,68,10,5,4,4,3,3,4,4,5,3,4,1,4,2
202,Petr,Klima,C94,F,85,7,5,5,3,2,4,1,3,5,5,4,5,3,3
203,Robert,Reichel,C94,F,26,6,4,4,4,3,4,2,4,4,4,3,2,4,2
204,Otakar,Janecky,C94,F,20,5,4,3,4,3,2,1,0,5,4,4,2,4,3
205,Michal,Pivonka,C94,F,17,8,3,3,4,3,3,3,4,4,3,4,0,4,3
206,Vladimir,Ruzicka,C94,F,38,10,4,4,3,3,4,2,6,4,3,3,3,3,2
207,Jiri,Kucera,C94,F,21,5,4,4,4,2,3,0,0,4,4,4,3,4,2
208,Bobby,Holik,C94,F,16,10,3,4,3,3,3,3,3,3,3,4,5,3,3
209,Petr,Nedved,C94,F,19,5,2,2,4,3,2,1,0,3,6,4,2,3,3
210,Dave,Volek,C94,F,25,6,4,4,3,2,2,1,2,4,2,4,5,3,2
211,Robert,Kron,C94,F,18,5,3,3,3,4,2,2,2,3,3,3,4,3,2
212,Josef,Beranek,C94,F,15,6,3,3,3,3,2,1,0,3,3,3,4,3,3
213,Martin,Rucinsky,C94,F,23,5,3,2,3,2,3,1,4,3,3,3,1,3,2
214,Martin,Straka,C94,F,82,5,3,3,3,2,2,2,2,2,2,2,0,3,2
215,Tomas,Jelinek,C94,F,27,7,2,2,2,2,2,1,6,3,2,2,5,1,3
216,Petr,Svoboda,C94,D,07,5,4,4,3,4,3,3,6,4,0,4,0,3,3
217,Richard,Smehlik,C94,D,42,10,3,3,3,4,3,4,4,3,1,3,0,3,2
218,Jiri,Slegr,C94,D,24,10,3,3,3,3,3,2,6,3,1,4,1,3,4
219,Frank,Musil,C94,D,03,9,4,4,2,3,2,3,6,2,1,3,5,2,3
220,Jiri,Vykoukal,C94,D,04,6,2,3,3,3,2,1,1,3,2,4,1,3,0
221,Jan,Vopat,C94,D,28,8,3,2,2,3,3,4,0,3,1,3,2,2,2
222,Roman,Hamrlik,C94,D,44,7,3,2,2,3,3,2,4,3,1,3,4,2,3
223,Frantsek,Kucera,C94,D,06,9,2,2,2,4,3,1,3,2,1,3,4,2,2
224,Milan,Tichy,C94,D,43,8,3,2,1,1,2,3,8,2,1,2,2,2,4
225,Dominik,Hasek,CRS,G,39,3,6,4,6,6,6,0,0,0,0,5,6,5,5
226,Roman,Cechmanek,CRS,G,29,7,3,3,2,2,4,0,0,0,0,3,4,3,3
227,Milan,Hnilicka,CRS,G,03,6,4,3,3,3,2,0,0,0,0,3,4,2,2
228,Jaromir,Jagr,CRS,F,68,10,6,4,6,4,4,2,4,5,6,6,3,6,2
229,Robert,Reichel,CRS,F,21,5,5,4,5,3,4,2,0,5,5,5,2,4,2
230,Martin,Straka,CRS,F,28,5,5,5,4,2,4,2,0,5,4,5,3,4,2
231,Robert,Lang,CRS,F,13,9,4,4,4,3,4,3,1,4,4,5,2,5,0
232,Pavel,Patera,CRS,F,10,3,4,4,4,2,3,2,0,5,4,5,2,4,1
233,Martin,Rucinsky,CRS,F,26,7,3,4,4,2,4,4,4,4,4,5,2,4,4
234,Vladimir,Ruzicka,CRS,F,97,9,4,4,4,3,4,2,6,4,4,4,3,4,2
235,Josef,Beranek,CRS,F,42,5,4,3,3,3,3,4,4,3,4,4,2,4,4
236,Milan,Hejduk,CRS,F,24,6,5,4,3,2,4,0,1,4,4,4,2,4,2
237,Jiri,Dopita,CRS,F,30,10,3,3,3,3,3,4,6,3,3,4,2,3,3
238,Jan,Caloun,CRS,F,16,4,2,3,2,4,2,3,1,3,4,4,3,3,3
239,Martin,Prochazka,CRS,F,20,5,4,3,3,3,3,2,1,3,2,4,2,3,1
240,David,Moravec,CRS,F,22,7,3,3,3,2,4,1,0,3,3,4,2,2,3
241,Petr,Svoboda,CRS,D,23,7,5,4,3,6,3,5,6,5,2,6,1,3,3
242,Roman,Hamrlik,CRS,D,44,8,4,3,4,4,4,4,4,3,3,6,4,4,3
243,Jaroslav,Spacek,CRS,D,06,8,4,4,3,5,4,4,0,3,2,6,2,3,2
244,Jiri,Slegr,CRS,D,71,9,4,3,3,4,3,4,6,3,3,6,1,4,4
245,Richard,Smehlik,CRS,D,32,10,3,3,3,4,3,4,4,3,2,6,2,3,2
246,Frantisek,Kucera,CRS,D,04,8,3,3,2,4,3,4,3,2,1,6,4,2,2
247,Libor,Prochazka,CRS,D,05,5,2,3,2,3,3,4,5,2,1,5,2,2,5
248,Frederik,Andersen,DEN,G,31,10,4,4,4,4,5,0,0,0,0,4,5,3,4
249,George,Sorensen,DEN,G,39,5,4,4,3,3,4,0,0,0,0,3,4,4,4
250,Sebastian,Dahm,DEN,G,32,4,3,3,2,2,2,0,0,0,0,2,2,1,2
251,Nikolaj,Ehlers,DEN,F,27,4,5,4,4,3,3,0,0,5,5,5,4,4,1
252,Oliver,Bjorkstrand,DEN,F,28,4,5,4,4,3,4,1,1,5,4,5,5,3,0
253,Lars,Eller,DEN,F,20,8,3,4,3,4,3,2,0,3,3,5,3,4,2
254,Peter,Regin,DEN,F,93,7,3,3,4,3,3,1,0,3,4,5,2,4,1
255,Frans,Nielsen,DEN,F,51,6,3,3,3,4,2,1,0,4,4,4,2,3,0
256,Mikkel,Boedker,DEN,F,89,8,4,3,3,2,3,2,0,4,3,4,1,4,0
257,Alexander,True,DEN,F,70,8,3,4,3,2,3,4,0,3,2,4,3,4,1
258,Mathias,From,DEN,F,75,5,4,3,3,2,3,4,3,3,3,4,3,2,4
259,Joachim,Blichfeld,DEN,F,86,6,4,3,3,2,2,2,1,3,4,4,4,2,1
260,Jannik,Hansen,DEN,F,36,6,3,3,3,3,3,2,1,3,2,5,3,3,2
261,Nicklas,Jensen,DEN,F,17,9,2,4,2,2,3,3,0,3,2,4,4,2,2
262,Patrick,Russell,DEN,F,52,8,3,2,1,3,2,5,1,3,1,4,4,2,2
263,Morten,Green,DEN,F,13,6,3,1,3,2,2,3,0,2,3,4,1,4,2
264,Morten,Madsen,DEN,F,29,6,2,2,3,2,2,3,0,3,1,4,4,3,1
265,Morten,Poulsen,DEN,F,38,5,3,2,2,2,2,1,0,3,3,4,2,3,0
266,Philip,Larsen,DEN,D,03,6,3,4,3,3,4,2,1,3,1,5,3,4,1
267,Oliver,Lauridsen,DEN,D,25,10,2,3,1,4,3,6,8,2,0,5,0,3,4
268,Jesper,Jensen-Aabo,DEN,D,41,5,4,3,0,2,2,4,0,2,0,5,1,2,2
269,Markus,Lauridsen,DEN,D,22,7,2,2,1,3,3,3,0,3,0,4,1,2,1
270,Emil,Kristensen,DEN,D,04,4,3,2,2,2,3,1,3,2,1,4,0,3,3
271,Nicolai,Weichel,DEN,D,08,7,3,2,1,2,2,3,6,2,1,4,2,2,4
272,Matias,Lassen,DEN,D,06,5,2,2,1,3,3,3,0,2,0,4,1,2,0
273,Malte,Setkov,DEN,D,33,6,3,3,0,2,2,2,0,2,0,4,1,2,0
274,Tuukka,Rask,FIN,G,40,4,5,4,5,5,5,0,0,0,0,5,5,5,5
275,Pekka,Rinne,FIN,G,35,8,4,4,5,5,4,0,0,0,0,4,5,4,4
276,Joonas,Korpisalo,FIN,G,70,4,4,4,4,4,4,0,0,0,0,5,4,4,4
277,Sebastian,Aho,FIN,F,20,4,6,5,5,4,4,1,0,4,5,6,3,5,0
278,Mikko,Rantanen,FIN,F,96,9,5,4,5,3,3,2,0,6,5,6,3,5,1
279,Aleksander,Barkov,FIN,F,16,8,5,4,5,5,3,0,0,5,6,6,2,5,1
280,Teuvo,Teravainen,FIN,F,86,4,5,5,4,4,3,1,0,5,4,5,2,5,0
281,Patrik,Laine,FIN,F,29,8,4,3,5,3,5,3,1,4,5,5,5,4,3
282,Roope,Hintz,FIN,F,25,9,4,5,4,3,4,2,0,3,5,5,4,2,2
283,Mikael,Granlund,FIN,F,64,5,5,4,4,3,2,2,0,4,4,5,2,4,1
284,Joonas,Donskoi,FIN,F,72,6,4,4,4,3,4,1,1,4,4,5,3,4,0
285,Joel,Armia,FIN,F,33,9,4,3,3,3,4,6,1,3,4,5,5,3,2
286,Kasperi,Kapanen,FIN,F,24,6,4,4,4,3,3,3,0,3,4,5,3,4,0
287,Mikko,Koivu,FIN,F,09,9,4,3,4,5,2,1,0,5,3,5,1,4,1
288,Artturi,Lehkonen,FIN,F,62,5,4,4,3,3,2,4,0,4,4,5,4,2,0
289,Erik,Haula,FIN,F,56,6,4,5,3,4,3,1,0,3,4,5,4,2,1
290,Kaapo,Kakko,FIN,F,42,5,5,4,3,1,2,1,0,5,3,5,3,3,1
291,Valtteri,Filppula,FIN,F,51,6,4,3,3,4,2,0,0,4,5,5,1,3,1
292,Miro,Heiskanen,FIN,D,04,5,5,5,4,4,4,1,0,4,3,6,3,4,1
293,Rasmus,Ristolainen,FIN,D,55,9,4,3,4,4,4,6,1,3,1,6,3,4,0
294,Mikko,Lehtonen,FIN,D,44,7,3,4,4,4,4,3,0,4,2,5,3,4,2
295,Esa,Lindell,FIN,D,23,9,4,4,3,5,3,3,0,3,2,6,2,4,1
296,Sami,Vatanen,FIN,D,45,5,5,3,3,4,4,3,1,3,2,6,2,4,0
297,Henri,Jokiharju,FIN,D,10,6,4,4,3,4,3,2,1,3,2,5,2,4,2
298,Olli,Maatta,FIN,D,03,8,3,3,2,4,3,4,2,3,2,6,1,3,1
299,Juuso,Riikola,FIN,D,50,6,3,4,3,2,3,4,0,2,1,5,2,3,1
300,Jarmo,Myllys,F94,G,35,3,4,4,4,4,4,0,0,0,0,4,5,3,4
301,Jukka,Tammi,F94,G,30,3,3,3,3,3,3,0,0,0,0,2,3,2,3
302,Teemu,Selanne,F94,F,13,6,5,6,5,3,4,3,3,4,5,5,4,4,2
303,Esa,Tikkanen,F94,F,10,9,5,5,3,4,4,5,4,4,2,4,4,4,3
304,Jari,Kurri,F94,F,17,8,4,3,4,4,4,2,1,4,3,4,1,3,2
305,Christan,Ruuttu,F94,F,22,8,4,4,3,4,3,4,4,4,2,4,2,4,3
306,Ville,Peltonen,F94,F,16,5,4,4,4,2,4,2,0,4,4,4,4,3,1
307,Saku,Koivu,F94,F,11,4,4,4,3,4,3,3,0,3,4,4,3,4,3
308,Mika,Nieminen,F94,F,40,8,3,3,4,3,3,3,1,4,4,4,3,4,0
309,Raimo,Helminen,F94,F,14,7,3,3,4,2,3,3,0,4,4,4,3,4,3
310,Jere,Lehtinen,F94,F,20,6,4,4,3,4,3,2,1,3,4,4,3,3,2
311,Marko,Palo,F94,F,18,7,4,3,4,3,4,3,1,3,3,4,4,3,3
312,Mika,Alatalo,F94,F,15,7,3,3,3,4,4,4,0,3,3,4,4,2,5
313,Esa,Keskinen,F94,F,09,6,4,4,4,2,2,0,1,4,3,4,2,4,0
314,Mikko,Makela,F94,F,42,6,4,3,4,3,3,2,0,3,3,4,3,3,0
315,Sami,Kapanen,F94,F,24,4,4,4,2,2,3,1,0,4,3,4,4,2,2
316,Janne,Ojanen,F94,F,08,9,2,2,3,2,2,2,2,2,2,2,2,3,2
317,Teppo,Numminen,F94,D,27,7,4,3,3,5,3,3,1,4,2,4,1,3,2
318,Jyrki,Lumme,F94,D,21,7,4,3,3,4,2,3,4,4,1,4,1,4,2
319,Timo,Jutila,F94,D,05,6,5,3,3,5,4,1,0,3,1,5,3,4,3
320,Mika,Stromberg,F94,D,26,7,3,3,3,4,4,4,0,3,2,4,3,2,4
321,Janne,Laukkanen,F94,D,12,6,4,3,3,3,3,3,0,3,1,4,2,3,2
322,Marko,Kiprusoff,F94,D,02,9,3,2,3,3,4,4,1,3,2,4,2,3,1
323,Hannu,Virta,F94,D,23,5,3,4,2,4,3,3,0,2,2,4,2,3,0
324,Erik,Hamalainen,F94,D,04,7,3,2,1,4,3,5,0,2,2,4,1,2,0
325,Peter,Ahola,F94,D,03,9,2,2,1,3,2,3,6,2,1,3,4,2,2
326,Florian,Hardy,FRA,G,49,4,3,4,3,3,2,0,0,0,0,2,2,1,2
327,Henri-Corentin,Buysse,FRA,G,35,5,2,4,3,3,1,0,0,0,0,1,2,1,3
328,Sebastian,Ylonen,FRA,G,37,5,3,3,1,1,2,0,0,0,0,1,2,2,2
329,P.E.,Bellemare,FRA,F,41,7,4,3,2,4,2,3,0,4,4,4,4,2,0
330,Antoine,Roussel,FRA,F,21,7,3,2,3,4,3,5,6,3,3,4,4,2,6
331,Alexandre,Texier,FRA,F,42,5,4,4,3,2,3,3,0,4,4,4,4,3,0
332,Stephane,DaCosta,FRA,F,14,4,2,4,4,1,2,1,1,3,3,5,3,4,1
333,Charles,Bertrand,FRA,F,82,8,2,3,3,2,4,2,1,3,3,4,5,2,3
334,Damien,Fleury,FRA,F,09,5,3,3,3,2,2,2,1,3,2,5,4,3,3
335,Anthony,Rech,FRA,F,81,6,3,3,3,2,3,1,0,2,4,5,5,3,1
336,Tim,Bozon,FRA,F,94,8,3,2,3,2,3,2,0,3,1,4,3,3,2
337,Valentin,Claireaux,FRA,F,12,7,2,2,3,1,2,3,1,2,1,4,2,3,4
338,Sacha,Treille,FRA,F,77,10,1,2,2,2,3,3,0,2,2,5,5,2,2
339,Jordann,Perret,FRA,F,72,4,3,2,2,1,2,0,0,2,4,4,5,2,2
340,Loic,Lamperier,FRA,F,27,7,2,2,2,3,3,3,0,1,1,4,3,2,3
341,Teddy,DaCosta,FRA,F,80,5,2,3,1,1,3,3,3,2,1,4,3,2,4
342,Nicolas,Ritz,FRA,F,25,6,1,2,1,1,2,3,0,1,1,4,4,2,3
343,Maurin,Bouvet,FRA,F,15,5,2,1,2,0,2,1,0,1,1,4,2,3,2
344,Yohann,Auvitu,FRA,D,18,6,3,3,2,2,2,2,0,3,1,5,2,2,0
345,Antonin,Manavian,FRA,D,04,11,2,3,1,3,4,4,7,2,0,5,2,2,4
346,Kevin,Hecquefeuille,FRA,D,84,5,3,3,2,2,3,1,1,2,1,5,1,3,4
347,Florian,Chakiachvili,FRA,D,62,6,4,2,3,1,3,0,0,2,1,5,2,3,0
348,Olivier,Dame-Malka,FRA,D,44,5,3,3,2,3,2,1,0,2,1,4,2,2,3
349,Jonathan,Janil,FRA,D,03,8,2,2,0,2,2,5,3,2,0,4,1,0,4
350,Hugo,Gallet,FRA,D,08,9,1,2,1,2,3,3,4,2,0,4,1,1,4
351,Thomas,Thiry,FRA,D,38,10,1,2,0,2,2,4,5,2,0,4,0,1,4
352,Philipp,Grubauer,GER,G,31,5,4,4,4,4,5,0,0,0,0,4,5,4,4
353,Thomas,Greiss,GER,G,01,9,4,3,5,5,4,0,0,0,0,5,4,4,4
354,Mathias,Niederberger,GER,G,35,4,4,3,2,2,3,0,0,0,0,2,3,3,4
355,Leon,Draisaitl,GER,F,29,8,6,4,6,4,4,1,4,5,6,6,4,6,0
356,Dominik,Kahun,GER,F,72,4,4,4,3,3,2,0,0,5,5,4,1,4,0
357,Tobias,Rieder,GER,F,08,5,4,3,3,3,4,2,0,4,2,4,4,2,0
358,Yasin,Ehliz,GER,F,42,5,4,4,3,2,3,1,0,3,3,4,3,3,2
359,Markus,Eisenschmid,GER,F,58,5,3,3,3,2,2,1,1,3,4,5,3,4,3
360,Matthias,Plachta,GER,F,22,7,2,3,3,3,3,3,0,3,2,4,3,3,3
361,Lean,Bergmann,GER,F,54,8,3,3,3,2,3,3,0,2,3,4,4,2,4
362,Tom,Kuhnhackl,GER,F,34,7,2,3,2,3,2,4,0,3,2,3,2,2,1
363,Frederik,Tiffels,GER,F,95,6,3,3,3,2,2,0,0,3,2,4,2,4,2
364,Patrick,Hager,GER,F,50,4,4,3,3,1,2,3,4,2,2,4,4,1,4
365,David,Wolf,GER,F,89,9,2,2,2,3,3,5,8,2,1,4,4,2,5
366,Frank,Mauer,GER,F,28,7,3,3,3,1,3,2,1,2,1,4,3,3,0
367,Leonhard,Pfoderl,GER,F,83,5,3,3,2,1,2,0,1,3,3,4,4,2,0
368,Felix,Schutz,GER,F,55,6,3,1,2,3,1,2,0,3,2,4,2,3,2
369,Marcus,Kink,GER,F,17,9,2,2,2,3,3,4,6,2,0,4,3,1,4
370,Moritz,Seider,GER,D,21,8,4,4,3,2,3,0,1,4,1,5,3,3,2
371,Korbinian,Holzer,GER,D,05,9,3,2,1,4,2,5,1,2,1,5,0,2,3
372,Moritz,Mueller,GER,D,91,7,3,3,0,4,2,5,2,2,1,5,0,2,4
373,Yannic,Seidenberg,GER,D,36,5,3,2,2,3,2,3,0,2,2,5,2,3,3
374,Denis,Reul,GER,D,02,12,2,3,1,3,4,4,7,2,1,5,2,2,2
375,Marco,Nowak,GER,D,11,8,3,3,1,3,3,3,1,2,0,5,1,3,2
376,Jonas,Mueller,GER,D,41,5,3,2,0,4,2,3,4,1,0,4,0,2,4
377,Benedikt,Schopper,GER,D,19,7,2,2,0,2,2,4,0,2,0,4,1,3,4
378,Henrik,Holm,NOR,G,38,5,3,4,2,2,3,0,1,0,0,3,3,4,3
379,Lars,Haugen,NOR,G,30,5,3,3,3,3,2,0,0,0,0,2,3,3,3
380,Henrik,Haukeland,NOR,G,33,5,3,3,2,2,2,0,0,0,0,2,2,2,3
381,Mats,Zuccarello,NOR,F,36,4,5,4,4,3,2,1,0,4,4,5,2,4,1
382,Patrick,Thoresen,NOR,F,41,7,4,3,3,3,4,4,8,3,2,5,3,3,4
383,Mathis,Olimb,NOR,F,46,5,3,4,3,2,2,0,0,3,3,5,2,3,2
384,Tobias,Lindstrom,NOR,F,18,8,3,3,3,2,4,0,1,3,3,5,4,3,2
385,Andreas,Martinsen,NOR,F,24,10,3,2,1,3,3,6,8,3,1,4,3,3,5
386,Alexander,Reichenberg,NOR,F,61,4,4,3,3,2,2,0,0,3,3,4,2,3,1
387,Michael,Haga,NOR,F,85,5,3,3,3,2,2,1,0,3,3,4,3,3,1
388,Mathias,Trettenes,NOR,F,08,5,3,3,3,2,2,2,0,3,2,4,2,3,2
389,Mats,Rosseli-Olsen,NOR,F,51,4,3,4,2,2,2,5,4,2,0,5,2,2,3
390,Niklas,Roest,NOR,F,28,4,3,3,3,2,2,1,0,3,2,5,2,3,3
391,Thomas,Valkvae-Olsen,NOR,F,93,7,3,2,3,2,3,2,1,3,2,4,3,3,0
392,Ken-Andre,Olimb,NOR,F,40,4,3,3,3,1,1,0,0,4,3,4,2,3,1
393,Tommy,Kristiansen,NOR,F,15,9,1,2,2,3,3,6,9,2,2,4,5,2,5
394,Martin,Roymark,NOR,F,22,6,2,4,2,3,2,1,0,2,2,4,2,2,0
395,Kristian,Forsberg,NOR,F,26,7,2,3,2,3,3,3,5,2,1,4,2,2,3
396,Jonas,Holos,NOR,D,06,7,4,3,2,4,3,3,1,3,0,5,3,2,1
397,Mattias,Norstebo,NOR,D,10,4,3,3,1,3,2,3,0,3,0,5,0,2,1
398,Christian,Bull,NOR,D,21,7,2,3,2,2,4,1,0,3,2,5,3,2,2
399,Alexander,Bonsaksen,NOR,D,47,5,3,2,0,4,3,3,0,2,1,5,1,2,2
400,Erlend,Lesund,NOR,D,05,9,2,2,0,3,3,5,6,2,0,5,0,2,4
401,Stefan,Espeland,NOR,D,17,5,2,3,2,2,2,0,0,3,0,4,3,3,1
402,Johannes,Johannesen,NOR,D,04,5,3,2,1,3,2,2,1,2,0,4,1,3,1
403,Christian,Kasastul,NOR,D,49,7,1,2,1,2,3,5,8,2,0,4,2,2,6
404,Andrei,Vasilevskiy,RUS,G,88,7,5,4,5,5,5,0,0,0,0,5,6,4,5
405,Semyon,Varlamov,RUS,G,40,7,5,4,5,5,4,0,0,0,0,4,5,4,5
406,Sergei,Bobrovsky,RUS,G,72,4,5,4,5,5,4,0,0,0,0,4,5,4,4
407,Nikita,Kucherov,RUS,F,86,5,6,5,6,3,4,0,0,5,6,6,4,6,0
408,Pavel,Datsyuk,RUS,F,13,6,5,4,6,4,2,2,0,6,5,5,2,5,1
409,Alexander,Ovechkin,RUS,F,08,11,4,5,6,3,6,5,1,5,3,6,6,4,1
410,Artemi,Panarin,RUS,F,10,3,6,5,5,3,3,1,1,5,6,6,3,6,1
411,Evgeni,Malkin,RUS,F,11,7,5,5,6,3,3,1,2,5,5,5,2,6,4
412,Vladimir,Tarasenko,RUS,F,91,10,5,5,5,3,5,2,0,5,4,5,5,4,0
413,Evgeny,Kuznetsov,RUS,F,92,8,6,4,5,4,4,1,0,4,5,5,3,5,2
414,Evgeny,Dadonov,RUS,F,63,5,4,5,4,4,4,0,0,5,5,5,3,4,0
415,Andrei,Svechnikov,RUS,F,37,7,6,4,4,3,3,3,0,4,5,5,4,5,3
416,Vadim,Shipachyov,RUS,F,87,6,5,4,4,3,3,1,0,5,4,5,2,5,0
417,Ilya,Kovalchuk,RUS,F,71,11,4,4,5,3,5,1,1,4,4,5,5,3,0
418,Kirill,Kaprizov,RUS,F,07,6,5,4,4,2,4,1,0,4,5,5,2,5,3
419,Alexander,Radulov,RUS,F,47,7,5,4,4,3,3,1,0,3,5,5,2,5,2
420,Nikita,Gusev,RUS,F,97,5,4,5,4,2,2,0,1,5,3,5,2,5,1
421,Alexander,Barbanov,RUS,F,94,6,4,5,4,2,4,0,0,4,4,4,4,4,0
422,Ivan,Provorov,RUS,D,29,7,4,4,4,4,4,3,0,3,4,6,3,4,2
423,Slava,Voynov,RUS,D,26,6,4,4,4,4,4,4,1,3,3,5,2,3,2
424,Mikhail,Sergachev,RUS,D,98,9,4,4,4,2,4,3,6,4,2,5,3,4,0
425,Dmitry,Orlov,RUS,D,09,8,4,4,3,4,3,4,0,3,2,6,2,4,1
426,Nikita,Zaitsev,RUS,D,22,7,3,4,2,3,3,4,1,3,1,6,2,3,2
427,Nikita,Zadorov,RUS,D,16,11,3,3,2,3,4,6,8,2,2,5,3,2,5
428,Dmitry,Kulikov,RUS,D,05,8,3,3,2,4,3,4,0,2,1,6,1,3,1
429,Ilya,Lyubushkin,RUS,D,46,8,3,3,1,3,3,6,1,3,1,5,2,2,3
430,Vladislav,Tretiak,FLT,G,20,6,6,4,6,6,5,0,0,0,0,6,5,6,6
431,Vladimir,Myshkin,FLT,G,01,2,3,4,4,4,3,0,0,0,0,3,4,4,4
432,Valeri,Kharlamov,FLT,F,21,2,5,5,6,3,3,3,0,6,5,6,2,5,2
433,Boris,Mikhailov,FLT,F,13,3,6,5,5,3,5,2,0,5,5,6,6,4,1
434,Vladimir,Krutov,FLT,F,09,7,5,5,5,3,5,3,0,5,5,5,4,4,1
435,Sergei,Makarov,FLT,F,24,5,6,5,5,3,5,1,0,5,5,6,2,5,2
436,Vladimir,Petrov,FLT,F,16,6,5,4,6,3,4,4,1,4,5,6,4,5,3
437,Alexander,Maltsev,FLT,F,10,3,5,6,5,2,3,1,0,5,5,5,2,4,2
438,Helmuts,Balderis,FLT,F,19,6,4,5,5,3,4,2,0,4,5,5,4,4,2
439,Yuri,Lebedev,FLT,F,11,3,4,4,4,3,3,4,0,5,4,4,4,4,4
440,Alexander,Golikov,FLT,F,23,4,5,4,5,2,4,1,1,4,5,4,2,4,2
441,Vladimir,Golikov,FLT,F,25,5,4,5,4,3,3,2,1,3,4,4,4,2,3
442,Alexander,Skvortsov,FLT,F,26,6,3,4,4,2,4,3,0,4,4,4,3,3,1
443,Viktor,Zhluktov,FLT,F,22,8,4,3,4,3,3,4,0,3,4,4,4,4,1
444,Vachslav,Fetisov,FLT,D,02,10,6,4,4,6,5,6,4,5,3,6,2,4,3
445,Valeri,Vasiliev,FLT,D,06,5,5,5,4,5,4,4,0,4,2,6,1,4,1
446,Alexei,Kasatonov,FLT,D,07,9,4,4,4,5,4,5,4,4,3,6,2,4,3
447,Vasili,Pervukhin,FLT,D,05,7,3,4,4,4,4,2,0,5,2,6,1,4,0
448,Zinetula,Bilyaletdinov,FLT,D,14,6,4,4,3,4,4,2,0,2,3,5,4,2,3
449,Sergei,Starikov,FLT,D,12,10,3,2,2,4,4,4,6,2,1,5,1,3,2
450,Sergei,Mylnikov,SMT,G,01,4,5,4,5,5,4,0,0,0,0,4,4,4,4
451,Yevgeni,Belosheikin,SMT,G,20,5,4,4,4,4,4,0,0,0,0,3,3,4,4
452,Vitalijs,Samoilovs,SMT,G,19,4,3,3,4,4,2,0,0,0,0,3,2,3,3
453,Sergei,Makarov,SMT,F,24,5,6,5,6,3,4,1,0,6,5,6,2,5,2
454,Vladimir,Krutov,SMT,F,09,7,5,5,5,3,4,3,0,5,5,5,4,4,1
455,Igor,Larionov,SMT,F,11,3,5,4,4,4,3,4,0,5,5,5,2,4,2
456,Valeri,Kamensky,SMT,F,13,6,5,4,5,3,5,3,5,4,4,6,1,4,2
457,Vyacheslav,Bykov,SMT,F,27,2,4,5,5,3,3,1,0,5,5,5,2,4,2
458,Andrei,Khomutov,SMT,F,15,4,5,4,5,3,5,2,0,5,4,5,4,3,1
459,Andrei,Lomakin,SMT,F,23,4,4,5,4,3,3,3,2,4,5,5,2,4,3
460,Alexnder,Semak,SMT,F,18,5,4,4,4,4,4,3,1,4,4,5,3,4,3
461,Anatoli,Semenov,SMT,F,30,7,5,3,4,4,3,2,0,5,3,4,1,4,2
462,Sergei,Svetlov,SMT,F,16,6,4,4,4,3,4,3,0,4,4,4,4,2,3
463,Yuri,Khmylev,SMT,F,08,6,4,4,4,4,4,3,1,3,4,4,3,3,3
464,Sergei,Nemchinov,SMT,F,12,6,4,3,3,5,3,4,0,3,4,5,2,3,2
465,Sergei,Pryakhin,SMT,F,22,8,4,3,3,3,3,4,0,3,3,4,4,3,1
466,Vachslav,Fetisov,SMT,D,02,10,5,4,4,6,5,6,4,5,2,6,2,4,3
467,Alexei,Kasatonov,SMT,D,07,9,4,4,4,5,4,5,4,4,2,6,2,4,3
468,Alexei,Gusarov,SMT,D,03,5,4,5,3,4,3,4,0,3,3,6,0,3,3
469,Vasili,Pervukhin,SMT,D,05,7,3,4,4,4,4,2,0,4,2,5,1,3,0
470,Anatoli,Fedotov,SMT,D,14,5,4,4,2,4,3,5,0,3,1,5,0,2,2
471,Igor,Stelnov,SMT,D,04,8,3,4,2,4,3,4,0,3,2,5,0,3,3
472,Igor,Kravchuk,SMT,D,29,9,4,3,2,4,3,3,2,4,2,5,4,3,2
473,Mikhail,Shtalenkov,ZEP,G,01,4,3,4,3,3,3,0,0,0,0,3,3,3,3
474,Andrei,Trefilov,ZEP,G,30,4,4,3,2,2,2,0,0,0,0,2,2,3,3
475,Alexnder,Mogilny,ZEP,F,89,7,6,6,6,3,4,2,4,5,5,4,4,5,2
476,Pavel,Bure,ZEP,F,10,5,5,6,5,4,4,2,0,5,4,4,4,4,2
477,Sergei,Fedorov,ZEP,F,91,7,5,4,4,4,4,3,2,5,4,4,1,5,3
478,Alexei,Zhamnov,ZEP,F,09,7,5,3,4,3,3,3,0,5,4,4,1,5,2
479,Sergei,Makarov,ZEP,F,42,6,5,4,4,2,2,1,0,5,4,3,0,5,2
480,Valeri,Kamensky,ZEP,F,31,8,4,4,4,3,5,2,5,4,3,4,1,4,2
481,Igor,Larionov,ZEP,F,11,3,4,4,4,3,3,2,0,4,4,4,2,4,2
482,Alexander,Semak,ZEP,F,20,6,4,3,4,4,3,3,1,4,4,3,2,4,2
483,Sergei,Nemchinov,ZEP,F,13,6,4,3,3,5,3,4,0,3,4,5,2,3,2
484,Nikolai,Borschevsky,ZEP,F,16,6,4,4,4,2,3,2,0,4,4,4,2,4,1
485,Andrei,Kovalenko,ZEP,F,51,3,3,4,4,3,3,3,4,3,4,4,1,3,2
486,Dmitri,Kvartalnov,ZEP,F,12,6,4,4,4,2,3,2,0,4,3,4,2,4,1
487,Valeri,Zelepukin,ZEP,F,25,6,4,4,4,3,3,1,0,4,3,3,1,4,3
488,Yuri,Khmylev,ZEP,F,14,7,4,3,3,4,4,3,1,3,4,3,3,3,2
489,Anatoli,Semenov,ZEP,F,22,7,3,3,3,4,3,2,0,3,3,4,0,3,2
490,Alexei,Kasatonov,ZEP,D,07,11,4,3,2,3,4,4,4,4,1,3,1,4,2
491,Vachslav,Fetisov,ZEP,D,02,11,4,2,2,4,4,4,4,4,1,3,0,4,4
492,Alexei,Zhitnik,ZEP,D,03,5,4,4,3,4,3,3,4,3,2,4,1,3,3
493,Igor,Kravchuk,ZEP,D,21,9,4,3,3,4,3,3,2,4,2,4,4,3,2
494,Vladimir,Malakhov,ZEP,D,23,10,3,3,4,3,4,3,4,3,2,4,2,3,3
495,Alexei,Gusarov,ZEP,D,05,6,3,3,3,3,3,3,0,3,3,4,0,3,2
496,Sergei,Zubov,ZEP,D,56,7,3,3,3,4,3,3,3,3,2,3,1,3,0
497,Dimitri,Yushkevich,ZEP,D,04,7,4,3,3,4,3,2,4,3,1,4,3,3,3
498,Vladimir,Konstantinov,ZEP,D,06,6,3,3,2,4,3,4,7,3,1,4,2,3,3
499,Jaroslav,Halak,SVK,G,41,5,4,4,5,5,4,0,0,0,0,4,4,4,4
500,Patrik,Rybar,SVK,G,34,5,3,3,3,3,4,0,0,0,0,4,4,3,4
501,Denis,Godla,SVK,G,30,4,3,3,3,3,3,0,0,0,0,2,3,3,3
502,Tomas,Tatar,SVK,F,90,5,4,4,4,3,3,3,0,4,5,5,4,4,1
503,Richard,Panik,SVK,F,14,8,3,3,3,3,3,4,0,3,4,4,4,2,2
504,Marian,Gaborik,SVK,F,10,7,3,4,4,2,4,0,0,4,3,4,3,3,1
505,Tomas,Surovy,SVK,F,43,9,2,3,3,2,3,3,0,4,4,4,3,3,2
506,Martin,Bakos,SVK,F,83,7,4,3,3,2,3,2,1,3,3,5,3,4,3
507,Adam,Liska,SVK,F,23,5,3,4,3,1,3,1,0,4,4,5,4,2,1
508,Matus,Sukel,SVK,F,19,3,4,3,3,2,2,3,0,2,4,4,4,2,3
509,Tomas,Jurco,SVK,F,12,5,3,4,3,1,2,0,0,4,4,4,4,2,1
510,Marian,Studenic,SVK,F,27,3,4,3,3,1,3,1,0,3,4,4,3,3,2
511,Marko,Dano,SVK,F,56,9,4,3,2,2,2,4,0,3,2,3,3,2,2
512,Michal,Kristof,SVK,F,13,2,4,3,3,2,2,1,0,3,2,4,1,4,1
513,Peter,Cehlarik,SVK,F,21,7,3,3,2,2,3,1,0,3,4,4,4,3,1
514,Marcel,Hascak,SVK,F,87,6,3,2,3,2,3,4,1,2,2,4,4,3,3
515,Marek,Hrivik,SVK,F,46,8,3,3,2,2,2,3,1,3,2,4,2,2,0
516,Peter,Olvecky,SVK,F,85,9,2,2,2,2,3,4,4,3,2,4,3,3,4
517,Zdeno,Chara,SVK,D,33,13,4,3,3,6,6,4,14,4,2,6,3,3,2
518,Erik,Cernak,SVK,D,03,11,3,3,2,4,3,6,1,3,0,5,1,2,4
519,Martin,Fehervary,SVK,D,06,7,3,3,2,3,3,5,0,3,1,5,1,2,2
520,Andrej,Sekera,SVK,D,02,7,3,2,4,4,4,2,0,3,0,5,2,3,2
521,Michal,Cajkovsky,SVK,D,65,11,3,3,2,3,4,5,0,2,1,4,2,3,4
522,Christian,Jaros,SVK,D,62,7,3,3,1,3,3,5,1,2,1,5,2,2,2
523,Martin,Marincin,SVK,D,52,8,3,2,2,4,3,3,6,2,1,5,2,2,3
524,Ivan,Baranka,SVK,D,07,7,2,3,1,4,3,4,0,2,1,5,2,2,3
525,Gasper,Kroselj,SLO,G,32,6,3,3,3,3,2,0,0,0,0,2,3,2,3
526,Luka,Gracnar,SLO,G,40,5,2,3,1,1,2,0,0,0,0,2,2,1,2
527,Anze,Kopitar,SLO,F,11,10,5,3,4,5,3,2,0,4,5,6,2,5,0
528,Jan,Mursak,SLO,F,39,5,3,4,4,2,3,1,1,3,2,5,4,3,1
529,Rok,Ticar,SLO,F,24,5,2,4,3,2,3,0,0,3,2,5,3,2,0
530,Jan,Urbas,SLO,F,26,9,2,2,3,2,4,5,8,2,2,4,5,1,3
531,Miha,Verlic,SLO,F,91,6,3,2,2,2,3,1,0,3,4,4,3,3,1
532,Robert,Sabolic,SLO,F,55,7,2,2,3,1,3,4,0,3,1,4,3,2,3
533,Anze,Kuralt,SLO,F,92,4,3,2,3,1,2,2,1,2,3,5,4,3,1
534,David,Rodman,SLO,F,12,5,3,2,2,2,2,3,0,3,2,4,1,2,3
535,Marcel,Rodman,SLO,F,22,5,2,3,2,2,2,2,1,3,1,4,2,2,3
536,Ziga,Pance,SLO,F,19,6,2,2,3,0,3,2,0,2,2,4,4,2,1
537,Ziga,Jeglic,SLO,F,08,4,2,3,2,1,2,2,1,2,1,4,2,3,2
538,Ken,Ograjensek,SLO,F,18,5,2,3,2,1,2,1,1,3,1,4,2,2,0
539,Ales,Music,SLO,F,16,5,2,1,2,1,2,3,0,2,1,4,2,2,1
540,Andrej,Hebar,SLO,F,84,5,1,1,1,0,1,4,0,1,2,4,3,1,4
541,Blaz,Gregorc,SLO,D,15,8,2,2,1,4,3,4,6,1,0,5,2,2,2
542,Mitja,Robar,SLO,D,51,5,2,3,1,3,1,3,0,2,0,5,1,1,4
543,Matic,Podlipnik,SLO,D,14,6,3,2,1,2,3,1,0,2,2,5,2,2,1
544,Ales,Kranjc,SLO,D,28,7,1,2,0,3,3,3,0,2,1,5,2,2,2
545,Luka,Vidmar,SLO,D,23,6,2,2,1,2,2,3,1,1,0,4,1,3,2
546,Ziga,Pavlin,SLO,D,17,9,2,1,0,3,3,5,1,1,0,4,3,0,5
547,Jurij,Repe,SLO,D,61,7,1,2,0,1,2,4,0,0,0,4,1,1,3
548,Sabahudin,Kovacevic,SLO,D,86,8,0,1,0,1,2,3,1,2,0,4,1,0,2
549,Matt,Dalton,KOR,G,01,5,3,4,3,3,3,0,0,0,0,2,3,3,3
550,Sung-je,Park,KOR,G,50,3,2,3,0,0,1,0,1,0,0,2,2,2,1
551,Sang-wook,Kim,KOR,F,19,5,2,3,3,1,2,0,0,3,3,5,2,4,4
552,Jin-hui,Ahn,KOR,F,27,5,2,4,3,1,4,1,1,3,1,4,5,2,3
553,Michael,Swift,KOR,F,10,4,3,2,3,1,3,2,0,2,2,5,3,3,5
554,Ki-sung,Kim,KOR,F,11,5,2,3,3,2,3,1,0,2,2,5,5,3,2
555,Sang-hoon,Shin,KOR,F,47,3,3,3,3,0,3,0,1,3,2,5,4,3,3
556,Brock,Radunske,KOR,F,25,8,1,3,2,3,4,4,0,2,0,4,3,3,3
557,Min-ho,Cho,KOR,F,87,5,3,3,3,1,2,2,1,2,2,4,2,3,2
558,Mike,Testwuide,KOR,F,22,8,1,2,2,3,2,4,1,2,3,4,3,2,4
559,Won-jung,Kim,KOR,F,08,5,3,2,2,2,3,2,1,2,2,4,2,2,3
560,Woo-sang,Park,KOR,F,36,8,3,2,1,3,2,4,1,0,0,4,3,3,1
561,Jung-woo,Jeon,KOR,F,09,2,3,3,1,0,2,0,0,3,0,4,3,1,0
562,Young-jun,Lee,KOR,F,13,2,3,2,1,1,1,1,1,2,0,4,1,2,3
563,Sang-woo,Shin,KOR,F,96,4,2,2,0,2,2,2,0,1,0,4,2,1,1
564,Jin-kyu,Park,KOR,F,63,4,2,1,1,0,1,2,0,1,1,3,1,1,2
565,Eric,Regan,KOR,D,23,8,2,2,1,3,3,4,5,2,1,5,3,2,3
566,Hyon-ho,Oh,KOR,D,07,3,3,3,2,2,1,0,1,3,0,5,1,2,3
567,Bryan,Young,KOR,D,05,6,2,2,1,2,2,5,4,1,0,5,2,3,4
568,Alex,Plante,KOR,D,44,10,2,1,0,3,4,5,9,1,0,4,1,2,4
569,Won-jun,Kim,KOR,D,06,4,4,2,0,2,1,0,1,2,0,4,3,1,2
570,Yeong-jun,Seo,KOR,D,03,4,2,3,0,1,2,0,1,2,0,4,1,1,3
571,Don-ku,Lee,KOR,D,61,8,1,1,0,1,2,3,0,1,0,4,1,2,3
572,Hyung-gon,Cho,KOR,D,02,7,0,0,0,2,2,2,0,1,0,4,0,1,2
573,Robin,Lehner,SWE,G,31,11,5,3,5,5,5,0,0,0,0,5,5,4,4
574,Jacob,Markstrom,SWE,G,25,6,5,4,4,4,4,0,0,0,0,5,5,4,4
575,Henrik,Lundqvist,SWE,G,30,5,4,3,5,5,4,0,0,0,0,3,4,4,5
576,Elias,Pettersson,SWE,F,40,4,6,5,5,3,4,1,0,5,5,5,3,5,1
577,Gabriel,Landeskog,SWE,F,92,9,4,4,5,4,4,4,2,4,5,6,3,4,2
578,Nicklas,Backstrom,SWE,F,19,8,5,4,5,4,2,1,0,5,4,6,1,6,0
579,Mika,Zibanejad,SWE,F,93,8,4,4,5,3,4,3,1,4,5,6,3,5,0
580,Filip,Forsberg,SWE,F,09,8,4,5,5,3,4,2,1,4,5,5,3,3,0
581,William,Karlsson,SWE,F,71,5,5,4,4,4,3,1,0,5,5,5,4,4,0
582,Viktor,Arvidsson,SWE,F,38,4,4,5,4,4,3,0,1,5,5,5,4,4,2
583,Elias,Lindholm,SWE,F,28,7,5,4,4,4,4,2,1,4,4,5,3,4,0
584,William,Nylander,SWE,F,88,6,5,5,4,3,3,1,1,4,5,5,2,4,1
585,Gustav,Nyquist,SWE,F,14,5,5,4,4,4,4,1,0,3,4,5,3,5,0
586,Calle,Jarnkrok,SWE,F,91,5,5,4,4,4,3,1,1,4,4,5,3,3,0
587,Jakob,Silfverberg,SWE,F,33,8,4,4,4,4,4,1,1,4,4,5,5,4,0
588,Patric,Hornqvist,SWE,F,72,6,4,3,4,2,4,5,1,5,3,5,4,2,1
589,Rickard,Rakell,SWE,F,67,8,5,4,4,2,4,2,1,3,5,5,5,4,0
590,Mikael,Backlund,SWE,F,11,7,4,4,3,5,3,3,0,3,4,5,3,4,2
591,Victor,Hedman,SWE,D,77,10,5,5,4,5,5,3,2,4,3,6,3,5,1
592,Erik,Karlsson,SWE,D,65,6,5,5,5,4,4,1,1,4,2,6,3,6,1
593,Rasmus,Dahlin,SWE,D,26,6,5,4,4,4,4,3,0,5,2,6,3,5,2
594,Oliver,Ekman-Larsson,SWE,D,23,7,4,5,4,4,5,4,0,4,2,6,3,3,1
595,John,Klingberg,SWE,D,03,5,5,4,4,4,4,1,1,5,3,6,2,5,0
596,Alexander,Edler,SWE,D,24,9,4,3,3,5,4,5,0,4,3,6,2,4,2
597,Mattias,Ekholm,SWE,D,04,9,5,4,4,5,4,3,0,3,2,6,3,4,2
598,Hampus,Lindholm,SWE,D,47,8,5,4,3,5,4,3,0,3,2,6,1,3,1
599,Tommy,Soderstrom,S94,G,30,3,4,4,5,5,4,0,0,0,0,3,4,3,4
600,Tommy,Salo,S94,G,35,4,4,4,4,4,4,0,0,0,0,3,4,4,5
601,Tomas,Sandstrom,S94,F,07,9,4,4,5,3,5,3,8,4,5,3,2,3,3
602,Mats,Sundin,S94,F,13,7,4,4,5,4,4,1,3,4,5,4,0,4,3
603,Peter,Forsberg,S94,F,21,6,5,4,4,3,3,1,0,5,4,4,3,4,4
604,Hakan,Loob,S94,F,12,4,4,4,5,3,4,1,1,5,3,4,4,4,2
605,Mats,Naslund,S94,F,26,2,4,4,5,3,2,1,0,5,4,4,2,4,2
606,Pelle,Eklund,S94,F,09,5,5,4,4,3,3,3,2,4,3,4,0,4,1
607,Thomas,Steen,S94,F,25,8,4,3,4,3,3,3,4,4,4,4,0,5,3
608,Ulf,Dahlen,S94,F,22,8,3,4,4,3,3,2,0,4,4,4,3,3,0
609,Patrik,Juhlin,S94,F,15,8,3,3,4,3,4,4,0,3,4,4,4,2,4
610,Roger,Hansson,S94,F,11,6,4,4,3,3,3,1,0,4,4,4,3,4,2
611,Mikael,Nylander,S94,F,36,5,4,3,3,2,3,2,2,3,2,3,1,3,2
612,Johan,Garpenlov,S94,F,10,6,3,3,4,2,2,1,0,3,3,3,1,2,2
613,Jan,Erixon,S94,F,20,8,3,3,2,3,2,2,2,3,3,3,0,3,1
614,Mikael,Andersson,S94,F,14,6,2,4,2,3,2,1,0,3,2,4,5,3,0
615,Charles,Berglund,S94,F,23,4,3,2,2,4,2,4,0,2,1,3,1,4,3
616,Ulf,Samuelsson,S94,D,55,8,4,4,3,5,3,5,6,3,0,4,1,3,5
617,Nicklas,Lidstrom,S94,D,05,5,4,3,3,4,4,3,4,4,1,4,2,4,1
618,Calle,Johansson,S94,D,06,9,4,3,3,4,4,3,4,4,1,4,1,4,2
619,Fredrik,Olausson,S94,D,04,9,4,3,4,3,4,1,1,4,2,3,1,4,1
620,Tommy,Sjodin,S94,D,33,6,4,3,3,3,4,2,1,3,1,3,3,3,1
621,Roger,Johansson,S94,D,34,7,4,3,2,2,2,3,4,3,1,2,3,3,2
622,Kjell,Samuelsson,S94,D,28,14,2,2,1,3,4,4,7,3,1,4,5,2,3
623,Peter,Andersson,S94,D,02,9,2,3,3,2,2,2,2,3,1,2,4,3,2
624,Tommy,Albelin,S94,D,03,7,3,2,2,3,2,2,2,3,0,3,3,2,2
625,Jonas,Hiller,SUI,G,01,6,4,4,4,4,3,0,1,0,0,3,3,4,3
626,Reto,Berra,SUI,G,20,8,3,3,4,4,3,0,0,0,0,3,4,3,3
627,Leonardo,Genoni,SUI,G,63,6,4,3,3,3,3,0,0,0,0,3,3,3,4
628,Timo,Meier,SUI,F,28,9,4,4,4,3,4,4,0,4,5,5,5,3,3
629,Kevin,Fiala,SUI,F,21,6,5,5,4,2,4,1,0,4,4,5,5,4,2
630,Nico,Hischier,SUI,F,13,4,5,5,4,2,2,1,0,4,4,5,3,4,0
631,Nino,Niederreiter,SUI,F,22,8,3,4,4,3,4,2,0,4,4,4,3,3,1
632,Gregory,Hofmann,SUI,F,15,7,3,3,4,2,4,2,0,3,4,5,4,3,3
633,Denis,Malgin,SUI,F,62,4,4,4,3,2,2,2,1,3,4,4,3,3,0
634,Gaetan,Haas,SUI,F,92,4,4,4,3,2,2,2,1,3,4,4,2,3,2
635,Sven,Baertschi,SUI,F,47,6,4,3,3,2,3,2,0,3,5,4,5,3,0
636,Andres,Ambuhl,SUI,F,10,4,4,3,4,2,2,2,1,4,2,4,2,4,3
637,Lino,Martschini,SUI,F,93,1,4,4,3,2,3,2,1,3,3,5,3,3,0
638,Pius,Suter,SUI,F,44,4,4,4,3,2,2,0,0,4,4,5,4,3,1
639,Sven,Andrighetto,SUI,F,85,5,4,4,3,3,2,1,0,3,3,5,4,3,1
640,Enzo,Corvi,SUI,F,71,6,3,4,3,2,3,2,1,3,4,4,4,3,3
641,Simon,Moser,SUI,F,82,9,2,3,4,3,4,4,6,2,3,4,3,3,4
642,Christoph,Bertschy,SUI,F,64,5,3,4,3,3,3,3,1,2,3,4,4,3,2
643,Roman,Josi,SUI,D,90,7,5,4,4,6,5,2,0,5,3,6,4,5,2
644,Raphael,Diaz,SUI,D,16,6,3,4,2,4,4,2,1,3,1,5,2,3,2
645,Mirco,Mueller,SUI,D,41,9,3,3,2,3,3,4,0,3,2,5,1,2,2
646,Yannick,Weber,SUI,D,06,7,3,3,2,4,3,3,1,3,1,5,1,3,1
647,Dean,Kukan,SUI,D,34,5,4,3,2,3,2,2,0,3,2,5,2,3,0
648,Jonas,Siegenthaler,SUI,D,04,8,3,3,2,4,2,3,0,3,1,5,2,3,3
649,Luca,Sbisa,SUI,D,02,8,2,2,2,4,2,5,0,2,1,5,0,3,3
650,Romain,Loeffel,SUI,D,55,6,4,3,3,1,3,0,1,3,2,5,3,3,0
651,Ben,Bishop,USA,G,30,9,5,4,5,5,5,0,0,0,0,4,5,5,5
652,Connor,Hellebuyck,USA,G,37,7,5,4,4,4,5,0,0,0,0,4,5,5,5
653,John,Gibson,USA,G,36,9,4,4,4,4,5,0,0,0,0,5,5,4,4
654,Auston,Matthews,USA,F,34,10,5,6,5,3,4,1,0,5,6,6,4,5,0
655,Patrick,Kane,USA,F,88,4,6,5,6,2,3,0,0,6,6,6,5,6,1
656,Jack,Eichel,USA,F,09,8,6,5,5,3,4,1,1,5,5,6,4,6,0
657,Johnny,Gaudreau,USA,F,13,2,6,6,5,3,3,0,0,4,6,5,4,5,0
658,Jake,Guentzel,USA,F,59,5,5,4,5,2,4,3,0,5,5,6,4,4,1
659,Blake,Wheeler,USA,F,26,11,4,5,5,4,4,2,1,4,4,5,2,6,2
660,Phil,Kessel,USA,F,81,7,5,5,5,2,4,0,1,5,4,5,4,5,0
661,Matthew,Tkachuk,USA,F,19,8,5,4,4,3,4,4,0,4,4,5,3,4,5
662,Kyle,Connor,USA,F,18,5,5,4,4,3,4,1,0,5,5,6,4,4,2
663,Brock,Boeser,USA,F,06,8,5,4,4,3,4,1,1,5,5,5,5,4,2
664,T.J.,Oshie,USA,F,77,7,4,4,4,4,2,3,1,4,5,5,3,4,1
665,Cam,Atkinson,USA,F,89,5,5,5,4,3,4,1,1,4,5,5,5,3,0
666,Alex,DeBrincat,USA,F,12,3,5,5,4,2,4,1,1,4,5,5,4,4,1
667,Brady,Tkachuk,USA,F,07,7,4,4,4,3,4,6,4,3,4,5,5,2,4
668,Anders,Lee,USA,F,27,11,3,4,4,3,4,4,6,4,5,5,5,3,3
669,John,Carlson,USA,D,74,9,5,4,5,5,5,2,1,4,4,6,4,6,0
670,Ryan,Suter,USA,D,20,8,5,4,4,5,4,3,0,4,2,6,2,5,1
671,Seth,Jones,USA,D,03,8,5,5,4,4,4,2,1,4,3,6,3,4,1
672,Torey,Krug,USA,D,47,5,5,5,4,3,4,2,0,4,2,6,3,5,0
673,Jaccob,Slavin,USA,D,04,8,6,4,3,5,3,2,0,4,3,6,3,4,0
674,Keith,Yandle,USA,D,02,6,4,5,5,4,2,0,0,4,3,6,2,6,1
675,Jacob,Trouba,USA,D,08,8,4,4,4,5,4,4,5,3,2,6,3,4,2
676,Charlie,McAvoy,USA,D,73,8,5,4,4,4,4,4,1,3,1,6,2,4,2
677,Jim,Craig,U80,G,30,4,4,4,2,2,3,0,0,0,0,4,4,3,4
678,Steve,Janaszak,U80,G,01,7,3,3,2,2,1,0,0,0,0,2,2,2,2
679,Mark,Johnson,U80,F,10,6,4,5,4,3,4,1,0,4,4,5,4,4,1
680,Neal,Broten,U80,F,09,4,4,4,3,4,3,4,0,4,4,5,3,3,1
681,Mike,Eruzione,U80,F,21,5,4,3,3,3,4,4,0,3,3,5,3,4,1
682,Mark,Pavelich,U80,F,16,3,3,4,4,3,2,1,1,4,3,5,3,3,3
683,Rob,McClanahan,U80,F,24,7,3,3,3,3,4,4,0,3,3,5,4,4,2
684,Steve,Christoff,U80,F,11,4,3,3,4,3,3,3,1,3,4,4,4,2,0
685,Dave,Silk,U80,F,08,6,4,3,3,2,2,2,1,4,2,4,2,3,2
686,Buzz,Schneider,U80,F,25,4,2,3,3,2,2,5,0,2,4,3,3,2,4
687,John,Harrington,U80,F,28,4,3,2,2,3,3,3,1,3,3,4,2,3,1
688,Phil,Verchota,U80,F,27,6,2,2,3,2,3,5,0,3,1,4,4,2,4
689,Eric,Strobel,U80,F,19,4,3,2,2,3,2,2,1,3,2,3,2,2,1
690,Mark,Wells,U80,F,15,4,3,2,2,3,2,3,1,2,1,3,4,1,0
691,Dave,Christian,U80,D,23,8,3,3,4,4,4,2,3,3,6,4,4,3,0
692,Mike,Ramsey,U80,D,05,8,4,3,2,4,3,5,6,3,2,5,1,2,3
693,Ken,Morrow,U80,D,03,8,3,3,2,4,3,4,5,3,2,5,1,3,2
694,Jack,O'Callahan,U80,D,17,8,3,2,2,3,3,6,5,3,1,5,2,3,5
695,Bill,Baker,U80,D,06,6,2,2,2,3,2,4,0,3,1,5,1,3,3
696,Bob,Suter,U80,D,20,4,3,2,1,3,3,5,6,3,1,4,1,2,4
697,Mike,Richter,SKP,G,01,5,5,4,5,5,5,0,0,0,0,4,4,4,5
698,John,Vanbiesbrouck,SKP,G,34,4,5,4,4,4,5,0,0,0,0,4,4,4,4
699,Pat,Jablonski,SKP,G,35,4,3,3,3,3,2,0,1,0,0,3,2,3,2
700,Jeremy,Roenick,SKP,F,17,6,5,5,5,4,5,4,5,5,5,5,2,5,4
701,Pat,LaFontaine,SKP,F,16,4,5,4,6,4,3,3,3,5,5,6,2,5,3
702,Brett,Hull,SKP,F,15,7,4,4,6,3,6,3,3,5,4,6,6,4,0
703,Craig,Janney,SKP,F,23,5,5,4,5,4,3,2,0,5,4,5,1,6,0
704,Tony,Granato,SKP,F,21,6,4,5,4,4,3,4,3,3,5,5,3,4,4
705,Mike,Modano,SKP,F,09,6,5,5,4,3,5,2,4,5,2,5,2,4,3
706,Joe,Mullen,SKP,F,07,6,4,3,5,3,4,3,1,4,5,5,4,4,0
707,Ed,Olczyk,SKP,F,12,8,4,3,4,3,4,3,4,5,4,5,4,4,3
708,Joel,Otto,SKP,F,29,11,4,3,3,5,2,6,7,3,4,4,2,3,5
709,Kevin,Miller,SKP,F,32,6,4,4,3,4,4,4,7,3,4,4,3,4,3
710,Dave,Christian,SKP,F,27,8,3,3,4,4,4,2,3,3,5,4,4,3,0
711,Doug,Brown,SKP,F,24,5,3,4,3,4,3,5,1,3,3,4,3,2,1
712,Randy,Wood,SKP,F,33,7,3,5,3,4,3,4,6,2,3,3,4,2,3
713,Chris,Chelios,SKP,D,26,6,4,4,4,6,5,6,7,5,1,6,2,5,6
714,Gary,Suter,SKP,D,20,7,5,4,4,5,4,4,6,4,3,6,3,5,4
715,Brian,Leetch,SKP,D,02,5,6,4,4,4,4,2,6,5,3,6,2,5,1
716,Kevin,Hatcher,SKP,D,04,11,4,4,4,4,5,5,3,4,3,6,4,5,3
717,Eric,Weinrich,SKP,D,38,8,3,4,3,4,3,4,4,3,2,6,1,3,3
718,Jim,Johnson,SKP,D,06,6,3,3,2,4,2,5,6,3,1,4,1,2,5
719,Craig,Wolanin,SKP,D,39,9,3,3,2,4,3,5,8,2,1,5,1,3,4
720,Tom,Barrasso,DCN,G,35,10,4,4,5,5,4,0,1,0,0,4,4,4,4
721,Chris,Terreri,DCN,G,31,2,4,4,4,4,3,0,0,0,0,3,3,3,3
722,Mike,Richter,DCN,G,32,7,3,4,4,4,3,0,0,0,0,4,4,4,4
723,Pat,LaFontaine,DCN,F,16,5,5,4,6,4,3,3,3,5,4,6,0,5,2
724,Jeremy,Roenick,DCN,F,27,4,5,5,4,4,5,2,3,5,5,5,2,5,3
725,Mike,Modano,DCN,F,09,7,5,5,4,4,5,2,4,5,2,5,2,4,3
726,Brett,Hull,DCN,F,15,9,4,4,5,3,6,3,3,5,3,4,4,3,2
727,Kevin,Stevens,DCN,F,25,11,3,4,5,3,3,3,6,4,4,5,3,4,4
728,Craig,Janney,DCN,F,23,7,4,3,5,4,3,2,0,4,4,4,0,4,0
729,Tony,Granato,DCN,F,21,6,4,5,4,4,3,3,3,3,4,3,3,3,4
730,Joe,Mullen,DCN,F,11,6,4,3,4,3,3,3,1,4,5,4,2,3,0
731,Neal,Broten,DCN,F,10,4,4,4,3,5,3,3,0,3,2,4,3,4,1
732,Kelly,Miller,DCN,F,12,8,4,4,3,3,3,2,0,4,3,3,2,4,1
733,Tony,Amonte,DCN,F,33,6,4,4,4,3,3,1,3,3,3,4,3,3,2
734,Doug,Weight,DCN,F,39,6,3,3,3,4,3,3,4,4,3,3,1,3,2
735,Ted,Donato,DCN,F,26,4,3,4,3,4,3,3,0,3,3,3,3,3,2
736,Kevin,Miller,DCN,F,14,7,4,3,3,4,3,3,7,3,3,4,3,3,3
737,John,Leclair,DCN,F,17,11,3,4,3,3,3,3,0,3,3,3,2,2,2
738,Chris,Chelios,DCN,D,07,7,4,4,4,6,5,4,7,5,1,6,2,4,5
739,Phil,Housley,DCN,D,06,6,6,5,4,3,3,2,4,6,2,4,0,6,2
740,Gary,Suter,DCN,D,20,7,5,4,4,5,4,4,6,4,2,5,2,4,3
741,Brian,Leetch,DCN,D,02,6,6,3,4,4,4,2,6,5,1,5,2,5,2
742,Kevin,Hatcher,DCN,D,04,12,3,3,4,4,5,4,3,4,2,4,4,4,3
743,Matt,Schneider,DCN,D,05,7,3,4,3,3,3,3,4,4,2,4,2,4,3
744,Eric,Weinrich,DCN,D,03,10,3,4,3,4,3,3,4,3,2,4,1,3,3
745,Tom,Kurvers,DCN,D,28,8,3,3,4,3,4,2,6,3,1,4,1,3,2
746,Mike,Richter,CHF,G,35,5,5,4,6,6,5,0,0,0,0,5,6,5,6
747,John,Vanbiesbrouck,CHF,G,34,4,4,4,5,5,5,0,0,0,0,5,5,4,4
748,Guy,Hebert,CHF,G,31,5,4,4,4,4,4,0,0,0,0,4,5,3,4
749,Pat,LaFontaine,CHF,F,16,5,5,4,5,4,3,2,3,5,5,6,2,5,2
750,Mike,Modano,CHF,F,09,8,5,5,5,4,5,2,4,5,3,6,3,4,3
751,Brett,Hull,CHF,F,15,7,4,4,6,3,6,3,3,5,3,6,6,4,2
752,John,Leclair,CHF,F,10,10,3,4,5,3,5,5,8,4,5,6,4,4,2
753,Doug,Weight,CHF,F,19,7,4,4,5,4,3,3,4,5,4,6,2,5,3
754,Keith,Tkachuk,CHF,F,17,11,4,3,5,3,5,6,8,4,4,6,5,4,5
755,Tony,Amonte,CHF,F,11,7,4,5,5,3,4,2,0,4,5,5,4,4,3
756,Bill,Guerin,CHF,F,12,10,3,4,4,4,4,5,7,3,4,5,4,4,4
757,Bryan,Smolinski,CHF,F,08,7,4,4,4,3,3,2,1,4,4,4,3,4,3
758,Brian,Rolston,CHF,F,25,9,4,3,3,4,3,4,0,4,4,4,3,3,1
759,Adam,Deadmarsh,CHF,F,18,8,3,3,4,4,4,4,5,3,4,4,4,4,4
760,Scott,Young,CHF,F,21,7,3,5,4,4,4,2,1,3,3,4,3,4,1
761,Joel,Otto,CHF,F,29,10,4,3,3,5,2,5,7,3,3,4,2,3,5
762,Shawn,McEachern,CHF,F,27,7,3,4,4,3,4,1,0,4,4,4,2,4,1
763,Steve,Konowalchuk,CHF,F,22,8,3,2,4,4,4,5,4,3,3,4,3,3,4
764,Phil,Housley,CHF,D,06,5,6,5,4,3,3,2,4,6,3,6,2,6,1
765,Chris,Chelios,CHF,D,07,6,4,4,4,6,5,5,7,5,1,6,2,5,5
766,Gary,Suter,CHF,D,20,9,5,4,4,5,4,4,6,4,4,6,3,5,3
767,Brian,Leetch,CHF,D,02,5,6,4,4,4,4,2,6,6,2,6,2,5,1
768,Kevin,Hatcher,CHF,D,04,11,3,3,4,5,5,5,3,4,3,6,4,4,2
769,Derian,Hatcher,CHF,D,03,11,3,4,3,5,4,6,4,3,3,6,2,3,4
770,Matt,Schneider,CHF,D,05,6,4,4,4,3,3,3,4,4,3,6,2,4,3
771,Shawn,Chambers,CHF,D,28,9,3,3,3,4,3,4,2,3,2,6,2,3,2
772,Mike,Richter,TEX,G,35,5,5,4,5,5,5,0,0,0,0,4,5,4,5
773,Mike,Dunham,TEX,G,01,6,4,3,3,3,3,0,0,0,0,3,4,3,4
774,Tom,Barrasso,TEX,G,30,8,4,4,5,5,4,0,1,0,0,4,4,5,4
775,Brett,Hull,TEX,F,16,7,4,4,6,3,6,3,3,5,3,6,6,4,2
776,Mike,Modano,TEX,F,09,6,5,5,5,3,5,2,4,5,3,6,3,4,3
777,Doug,Weight,TEX,F,39,7,4,4,5,4,3,2,4,5,4,6,2,5,3
778,Jeremy,Roenick,TEX,F,97,6,4,5,4,4,4,2,3,5,4,5,2,5,3
779,Chris,Drury,TEX,F,18,5,5,4,4,4,4,3,1,5,4,5,2,4,2
780,John,Leclair,TEX,F,10,10,3,4,5,3,4,5,8,4,5,5,4,3,2
781,Keith,Tkachuk,TEX,F,07,11,4,3,5,3,5,5,8,4,4,6,5,4,5
782,Tony,Amonte,TEX,F,11,7,4,4,5,3,4,2,0,4,5,5,4,4,2
783,Bill,Guerin,TEX,F,13,10,3,4,4,4,4,4,7,3,5,5,4,3,4
784,Brian,Rolston,TEX,F,12,9,4,3,4,4,3,3,0,3,4,5,3,4,1
785,Adam,Deadmarsh,TEX,F,28,8,3,3,4,3,4,5,5,3,4,4,4,3,4
786,Mike,York,TEX,F,61,5,4,4,4,2,3,2,1,4,4,4,1,4,1
787,Scott,Young,TEX,F,48,7,3,4,4,4,4,2,1,3,3,4,3,4,0
788,Phil,Housley,TEX,D,06,5,6,5,4,3,3,2,4,6,3,6,2,6,1
789,Chris,Chelios,TEX,D,24,6,4,4,4,6,5,5,7,5,1,6,2,5,5
790,Gary,Suter,TEX,D,20,9,5,4,4,5,4,4,6,4,3,6,3,5,3
791,Brian,Leetch,TEX,D,02,5,6,3,4,4,4,2,6,6,2,6,2,5,2
792,Brian,Rafalski,TEX,D,03,6,4,4,3,5,3,4,1,4,2,6,2,4,0
793,Tom,Poti,TEX,D,05,6,4,3,3,3,3,3,0,3,3,6,2,4,2
794,Aaron,Miller,TEX,D,33,8,3,3,2,4,3,5,7,3,1,6,2,2,2
